-- --------------------------------------------------------
-- 호스트:                          127.0.0.1
-- 서버 버전:                        8.0.20 - MySQL Community Server - GPL
-- 서버 OS:                        Win64
-- HeidiSQL 버전:                  12.0.0.6468
-- --------------------------------------------------------

/*!40101 SET @OLD_CHARACTER_SET_CLIENT=@@CHARACTER_SET_CLIENT */;
/*!40101 SET NAMES utf8 */;
/*!50503 SET NAMES utf8mb4 */;
/*!40103 SET @OLD_TIME_ZONE=@@TIME_ZONE */;
/*!40103 SET TIME_ZONE='+00:00' */;
/*!40014 SET @OLD_FOREIGN_KEY_CHECKS=@@FOREIGN_KEY_CHECKS, FOREIGN_KEY_CHECKS=0 */;
/*!40101 SET @OLD_SQL_MODE=@@SQL_MODE, SQL_MODE='NO_AUTO_VALUE_ON_ZERO' */;
/*!40111 SET @OLD_SQL_NOTES=@@SQL_NOTES, SQL_NOTES=0 */;

-- 테이블 데이터 storybird.charge_history:~0 rows (대략적) 내보내기

-- 테이블 데이터 storybird.display_opus:~0 rows (대략적) 내보내기

-- 테이블 데이터 storybird.episode:~43 rows (대략적) 내보내기
INSERT INTO `episode` (`epi_seq`, `opus_no`, `view_kind`, `epi_title`, `epi_num`, `free_yn`, `open_yn`, `rent_price`, `product_price`, `tax_free_code`, `tax_free_tag`, `tax_free_yn`, `reg_date`, `del_yn`) VALUES
	(1, 235, 'AUD', '1', 1, 'Y', 'Y', 0, 0, '', '', 'N', '2022-03-14 10:11:51', 'N'),
	(2, 235, 'AUD', '2', 2, 'N', 'Y', 100, 200, '', '', 'N', '2022-03-14 10:30:58', 'N'),
	(3, 235, 'AUD', '3', 3, 'N', 'Y', 0, 0, '', '', 'N', '2022-03-14 10:31:15', 'N'),
	(4, 235, 'AUD', '4', 4, 'N', 'Y', 100, 200, '', '', 'N', '2022-03-14 10:31:31', 'N'),
	(5, 235, 'AUD', '5', 5, 'N', 'Y', 100, 200, '', '', 'N', '2022-03-14 10:31:51', 'N'),
	(6, 236, 'AUD', '6', 1, 'Y', 'Y', 100, 200, '', '', 'N', '2022-03-14 10:36:40', 'N'),
	(7, 237, 'AUD', '7', 1, 'Y', 'Y', 100, 200, '', '', 'N', '2022-03-14 10:36:45', 'N'),
	(8, 238, 'AUD', '8', 1, 'Y', 'Y', 100, 200, '', '', 'N', '2022-03-14 10:36:50', 'N'),
	(9, 239, 'AUD', '9', 1, 'Y', 'Y', 100, 200, '', '', 'N', '2022-03-14 10:38:43', 'N'),
	(10, 240, 'AUD', '10', 1, 'Y', 'Y', 100, 200, '', '', 'N', '2022-03-14 10:38:48', 'N'),
	(11, 241, 'AUD', '11', 1, 'Y', 'Y', 100, 200, '', '', 'N', '2022-03-14 10:38:52', 'N'),
	(12, 242, 'AUD', '12', 1, 'Y', 'Y', 100, 200, '', '', 'N', '2022-03-14 10:38:55', 'N'),
	(13, 243, 'AUD', '13', 1, 'Y', 'Y', 100, 200, '', '', 'N', '2022-03-14 10:39:00', 'N'),
	(14, 244, 'AUD', '14', 1, 'Y', 'Y', 100, 200, '', '', 'N', '2022-03-14 10:39:05', 'N'),
	(15, 245, 'AUD', '15', 1, 'Y', 'Y', 100, 200, '', '', 'N', '2022-03-14 10:40:05', 'N'),
	(16, 246, 'AUD', '16', 1, 'Y', 'Y', 100, 200, '', '', 'N', '2022-03-14 10:40:09', 'N'),
	(17, 247, 'AUD', '17', 1, 'Y', 'Y', 100, 200, '', '', 'N', '2022-03-14 10:40:55', 'N'),
	(18, 248, 'AUD', '18', 1, 'Y', 'Y', 100, 200, '', '', 'N', '2022-03-14 10:40:59', 'N'),
	(19, 249, 'AUD', '19', 1, 'Y', 'Y', 100, 200, '', '', 'N', '2022-03-14 10:41:03', 'N'),
	(20, 250, 'AUD', '20', 1, 'Y', 'Y', 100, 200, '', '', 'N', '2022-03-14 10:41:09', 'N'),
	(21, 251, 'AUD', '21', 1, 'Y', 'Y', 100, 200, '', '', 'N', '2022-03-14 10:41:36', 'N'),
	(22, 252, 'AUD', '22', 1, 'Y', 'Y', 100, 200, '', '', 'N', '2022-03-14 10:41:40', 'N'),
	(23, 253, 'AUD', '23', 1, 'Y', 'Y', 100, 200, '', '', 'N', '2022-03-14 10:41:44', 'N'),
	(24, 254, 'AUD', '24', 1, 'Y', 'Y', 100, 200, '', '', 'N', '2022-03-14 10:41:48', 'N'),
	(25, 255, 'AUD', '25', 1, 'Y', 'Y', 100, 200, '', '', 'N', '2022-03-14 10:41:57', 'N'),
	(26, 256, 'AUD', '26', 1, 'Y', 'Y', 100, 200, '', '', 'N', '2022-03-14 10:42:08', 'N'),
	(27, 257, 'AUD', '27', 1, 'Y', 'Y', 100, 200, '', '', 'N', '2022-03-14 10:43:53', 'N'),
	(28, 258, 'AUD', '28', 1, 'Y', 'Y', 100, 200, '', '', 'N', '2022-03-14 10:43:58', 'N'),
	(29, 259, 'AUD', '일번에피소드', 1, 'Y', 'Y', 200, 400, '', '', 'N', '2022-03-25 17:21:45', 'N'),
	(30, 259, 'AUD', '이번에피소드', 2, 'N', 'Y', 0, 0, '', '', 'N', '2022-03-25 17:22:28', 'N'),
	(31, 260, 'AUD', '즐거운음성파일', 1, 'Y', 'Y', 200, 300, '', '', 'N', '2022-03-30 17:55:00', 'N'),
	(32, 255, 'AUD', '32', 2, 'N', 'Y', 100, 200, '', '', 'N', '2022-03-14 10:41:57', 'N'),
	(33, 255, 'AUD', '33', 3, 'N', 'Y', 100, 200, '', '', 'N', '2022-03-14 10:41:57', 'N'),
	(34, 255, 'AUD', '34', 4, 'N', 'Y', 100, 200, '', '', 'N', '2022-03-14 10:41:57', 'N'),
	(35, 238, 'AUD', '테스트1', 2, 'N', 'Y', 100, 200, '', '', 'N', '2022-04-08 17:03:09', 'N'),
	(38, 238, 'AUD', '삽화테스트', 3, 'N', 'Y', 100, 200, '', '', 'N', '2022-04-08 17:18:36', 'N'),
	(40, 238, 'AUD', '삽화테스트2', 4, 'N', 'Y', 100, 200, '', '', 'N', '2022-04-08 17:46:03', 'N'),
	(52, 261, 'AUD', '0413회차테스트', 2, 'N', 'Y', 200, 300, '', '', 'N', '2022-04-13 09:35:30', 'Y'),
	(60, 261, 'AUD', '0413회차등록', 1, 'Y', 'Y', 200, 300, '', '', 'N', '2022-04-13 11:38:47', 'N'),
	(61, 259, 'AUD', '0415회차등록테스트', 3, 'N', 'Y', 200, 400, '', '', 'N', '2022-04-15 10:33:40', 'N'),
	(64, 264, 'AUD', '0429회차수정', 1, 'Y', 'Y', 0, 0, '', '', 'N', '2022-04-29 11:23:59', 'N'),
	(65, 265, 'AUD', '회차1', 1, 'Y', 'Y', 0, 0, '', '', 'N', '2022-04-29 11:45:16', 'N'),
	(66, 265, 'AUD', '회차2', 2, 'N', 'Y', 0, 0, '', '', 'N', '2022-04-29 11:46:05', 'N');

-- 테이블 데이터 storybird.episode_file:~106 rows (대략적) 내보내기
INSERT INTO `episode_file` (`file_no`, `file_name`, `file_path`, `file_type`, `file_call_type`, `file_duration`, `order`, `epi_seq`, `opus_no`, `file_size`, `del_yn`) VALUES
	(1, 'SampleOgg.ogg', 'audio/235/1/epi/828fb2657146-0.ogg', 'ogg', 'E', 348, 1, 1, 235, 6984260, 'N'),
	(2, 'SampleFlac.flac', 'audio/235/2/epi/1585810fee10-0.flac', 'flac', 'E', 348, 1, 2, 235, 70227824, 'N'),
	(3, 'SampleM4a.m4a', 'audio/235/3/epi/271370129eab-0.m4a', 'm4a', 'E', 45, 1, 3, 235, 742909, 'N'),
	(4, 'wav_test.wav', 'audio/235/4/epi/2b3c2be9f684-0.wav', 'wav', 'E', 34, 1, 4, 235, 1073218, 'N'),
	(5, 'test.mp3', 'audio/235/5/epi/63dae1ff791d-0.mp3', 'mp3', 'E', 438, 1, 5, 235, 11318909, 'N'),
	(6, 'SampleOgg.ogg', 'audio/236/1/epi/cffd6a1cd62f-0.ogg', 'ogg', 'E', 348, 1, 6, 236, 6984260, 'N'),
	(7, 'SampleOgg.ogg', 'audio/237/1/epi/629cf4048194-0.ogg', 'ogg', 'E', 348, 1, 7, 237, 6984260, 'N'),
	(8, 'SampleOgg.ogg', 'audio/238/1/epi/4981d20eec9b-0.ogg', 'ogg', 'E', 348, 1, 8, 238, 6984260, 'N'),
	(9, 'SampleOgg.ogg', 'audio/239/1/epi/21688e0dd9b1-0.ogg', 'ogg', 'E', 348, 1, 9, 239, 6984260, 'N'),
	(10, 'SampleOgg.ogg', 'audio/240/1/epi/fcdb970f96f8-0.ogg', 'ogg', 'E', 348, 1, 10, 240, 6984260, 'N'),
	(11, 'SampleOgg.ogg', 'audio/241/1/epi/acefc51dbf03-0.ogg', 'ogg', 'E', 348, 1, 11, 241, 6984260, 'N'),
	(12, 'SampleOgg.ogg', 'audio/242/1/epi/72936a98e161-0.ogg', 'ogg', 'E', 348, 1, 12, 242, 6984260, 'N'),
	(13, 'SampleOgg.ogg', 'audio/243/1/epi/f2eb33679aac-0.ogg', 'ogg', 'E', 348, 1, 13, 243, 6984260, 'N'),
	(14, 'SampleOgg.ogg', 'audio/244/1/epi/109fcc557da4-0.ogg', 'ogg', 'E', 348, 1, 14, 244, 6984260, 'N'),
	(15, 'SampleOgg.ogg', 'audio/245/1/epi/7ac8d414fedd-0.ogg', 'ogg', 'E', 348, 1, 15, 245, 6984260, 'N'),
	(16, 'SampleOgg.ogg', 'audio/246/1/epi/2769f94f1919-0.ogg', 'ogg', 'E', 348, 1, 16, 246, 6984260, 'N'),
	(17, 'SampleOgg.ogg', 'audio/247/1/epi/324ccd9b9e32-0.ogg', 'ogg', 'E', 348, 1, 17, 247, 6984260, 'N'),
	(18, 'SampleOgg.ogg', 'audio/248/1/epi/331920d69fca-0.ogg', 'ogg', 'E', 348, 1, 18, 248, 6984260, 'N'),
	(19, 'SampleOgg.ogg', 'audio/249/1/epi/ca2be3fc7eaa-0.ogg', 'ogg', 'E', 348, 1, 19, 249, 6984260, 'N'),
	(20, 'SampleOgg.ogg', 'audio/250/1/epi/cc807736179f-0.ogg', 'ogg', 'E', 348, 1, 20, 250, 6984260, 'N'),
	(21, 'SampleOgg.ogg', 'audio/251/1/epi/ff87ee6b00c9-0.ogg', 'ogg', 'E', 348, 1, 21, 251, 6984260, 'N'),
	(22, 'SampleOgg.ogg', 'audio/252/1/epi/21ad519f9672-0.ogg', 'ogg', 'E', 348, 1, 22, 252, 6984260, 'N'),
	(23, 'SampleOgg.ogg', 'audio/253/1/epi/29eecc6ec0d4-0.ogg', 'ogg', 'E', 348, 1, 23, 253, 6984260, 'N'),
	(24, 'SampleOgg.ogg', 'audio/254/1/epi/7b6a4b374566-0.ogg', 'ogg', 'E', 348, 1, 24, 254, 6984260, 'N'),
	(25, 'SampleOgg.ogg', 'audio/255/1/epi/83fb0ee39e74-0.ogg', 'ogg', 'E', 348, 1, 25, 255, 6984260, 'N'),
	(26, 'SampleOgg.ogg', 'audio/256/1/epi/606033243861-0.ogg', 'ogg', 'E', 348, 1, 26, 256, 6984260, 'N'),
	(27, 'SampleOgg.ogg', 'audio/257/1/epi/acd4eaa01433-0.ogg', 'ogg', 'E', 348, 1, 27, 257, 6984260, 'N'),
	(28, 'SampleOgg.ogg', 'audio/258/1/epi/ae3a9273c893-0.ogg', 'ogg', 'E', 348, 1, 28, 258, 6984260, 'N'),
	(29, 'ESW Analog Snare 00 DRY.wav', 'audio/259/1/epi/ececc3eea8c5-0.wav', 'wav', 'E', 1, 1, 29, 259, 221570, 'Y'),
	(30, 'test.mp3', 'audio/259/2/epi/cd4938855296-0.mp3', 'mp3', 'E', 438, 1, 30, 259, 11318909, 'Y'),
	(31, 'ESW Analog Snare 03 WET.wav', 'audio/259/2/epi/49f07696d41f-0.wav', 'wav', 'E', 1, 1, 30, 259, 259852, 'Y'),
	(32, 'test.mp3', 'audio/259/2/epi/c93b738cb3e7-0.mp3', 'mp3', 'E', 438, 1, 30, 259, 11318909, 'Y'),
	(33, 'test.mp3', 'audio/259/2/epi/0f17169bffa9-0.mp3', 'mp3', 'E', 438, 1, 30, 259, 11318909, 'N'),
	(34, 'test2.mp3', 'audio/260/1/epi/119ffd6a9d94-0.mp3', 'mp3', 'E', 122, 1, 31, 260, 4899563, 'Y'),
	(35, 'SampleOgg.ogg', 'audio/255/2/epi/83fb0ee39e74-0.ogg', 'ogg', 'E', 348, 1, 32, 255, 6984260, 'N'),
	(36, 'SampleOgg.ogg', 'audio/255/3/epi/83fb0ee39e74-0.ogg', 'ogg', 'E', 348, 1, 33, 255, 6984260, 'N'),
	(37, 'SampleOgg.ogg', 'audio/255/4/epi/83fb0ee39e74-0.ogg', 'ogg', 'E', 348, 1, 34, 255, 6984260, 'Y'),
	(40, 'test2.mp3', 'audio/238/3/epi/79031cc760f7-0.mp3', 'mp3', 'E', 122, 1, 38, 238, 4899563, 'N'),
	(42, '350x206.png', 'audio/238/3/epi/79031cc760f7-1.png', 'png', 'A', 0, 2, 38, 238, 2210, 'N'),
	(43, '424x220.png', 'audio/238/3/epi/79031cc760f7-2.png', 'png', 'A', 0, 3, 38, 238, 2309, 'N'),
	(48, 'test.mp3', 'audio/238/4/epi/30976b313e94-0.mp3', 'mp3', 'E', 438, 1, 40, 238, 11318909, 'N'),
	(49, '636x460_2.jpg', 'audio/238/4/epi/30976b313e94-0.jpg', 'jpg', 'A', 0, 1, 40, 238, 19813, 'N'),
	(50, '636x460_4.jpg', 'audio/238/4/epi/30976b313e94-1.jpg', 'jpg', 'A', 0, 2, 40, 238, 32418, 'N'),
	(51, '646x460_3.png', 'audio/238/4/epi30976b313e94-2.png', 'png', 'A', 0, 3, 40, 238, 3482, 'N'),
	(52, '276x276.jpg', 'audio/260/1/epi/92d8179ff9d5-0.jpg', 'jpg', 'A', 0, 1, 31, 260, 7604, 'Y'),
	(53, '350x206.png', 'audio/260/1/epi/92d8179ff9d5-1.png', 'png', 'A', 0, 3, 31, 260, 2210, 'Y'),
	(54, '424x220.png', 'audio/260/1/epi/92d8179ff9d5-2.png', 'png', 'A', 0, 4, 31, 260, 2309, 'Y'),
	(55, 'test.mp3', 'audio/260/1/epi/3c49d6b6ccf0-0.mp3', 'mp3', 'E', 438, 1, 31, 260, 11318909, 'Y'),
	(56, '180x180(1).png', 'audio/260/1/epi/ab6292fe58a9-0.png', 'png', 'A', 0, 2, 31, 260, 1243, 'Y'),
	(57, '582x272.png', 'audio/260/1/epi/ab6292fe58a9-1.png', 'png', 'A', 0, 3, 31, 260, 3920, 'Y'),
	(58, '636x460_2.jpg', 'audio/260/1/epi/14c21fa4222d-0.jpg', 'jpg', 'A', 0, 1, 31, 260, 19813, 'Y'),
	(59, '636x460_4.jpg', 'audio/260/1/epi/14c21fa4222d-1.jpg', 'jpg', 'A', 0, 2, 31, 260, 32418, 'Y'),
	(60, '646x460_3.png', 'audio/260/1/epi/14c21fa4222d-2.png', 'png', 'A', 0, 3, 31, 260, 3482, 'Y'),
	(61, '180x180(1).png', 'audio/255/1/epi/1a6bc6ad1a4f-0.png', 'png', 'A', 0, 1, 25, 255, 1243, 'N'),
	(62, '350x206.png', 'audio/255/1/epi/1a6bc6ad1a4f-1.png', 'png', 'A', 0, 2, 25, 255, 2210, 'N'),
	(63, '424x220.png', 'audio/255/1/epi/1a6bc6ad1a4f-2.png', 'png', 'A', 0, 3, 25, 255, 2309, 'N'),
	(64, 'test.mp3', 'audio/255/4/epi/6b5833da6f03-0.mp3', 'mp3', 'E', 439, 1, 34, 255, 11318909, 'N'),
	(65, '636x460_2.jpg', 'audio/255/4/epi/9183-d72224b68810-0.jpg', 'jpg', 'A', 0, 1, 34, 255, 19813, 'N'),
	(66, '636x460_4.jpg', 'audio/255/4/epi/d72224b68810-1.jpg', 'jpg', 'A', 0, 2, 34, 255, 32418, 'N'),
	(71, '1649809878.mp3', 'audio/261/2/epi/8cce8cffd4fc-0.mp3', 'mp3', 'E', 168, 1, 52, 261, 2688312, 'Y'),
	(72, '276x276.jpg', 'audio/261/2/epi/d2c9-8cce8cffd4fc-0.jpg', 'jpg', 'A', 0, 1, 52, 261, 7604, 'N'),
	(73, '350x206.png', 'audio/261/2/epi/8cce8cffd4fc-1.png', 'png', 'A', 0, 2, 52, 261, 2210, 'N'),
	(74, '424x220.png', 'audio/261/2/epi/8cce8cffd4fc-2.png', 'png', 'A', 0, 3, 52, 261, 2309, 'N'),
	(75, '1649809878.mp3', 'audio/261/1/epi/6297b3fdcd5e-0.mp3', 'mp3', 'E', 168, 1, 60, 261, 2688312, 'Y'),
	(76, '데탑1.jpg', 'audio/261/1/epi/6297b3fdcd5e-0.jpg', 'jpg', 'A', 0, 1, 60, 261, 4785, 'Y'),
	(77, '데탑2.jpg', 'audio/261/1/epi/6297b3fdcd5e-1.jpg', 'jpg', 'A', 0, 2, 60, 261, 3670, 'Y'),
	(78, '데탑3.jpg', 'audio/261/1/epi/6297b3fdcd5e-2.jpg', 'jpg', 'A', 0, 3, 60, 261, 6351, 'Y'),
	(79, '1649809878.mp3', 'audio/261/1/epi/5cfa405e7350-0.mp3', 'mp3', 'E', 168, 1, 60, 261, 2688312, 'N'),
	(80, 'img_event01.jpg', 'audio/261/1/epi/71861d840f89-0.jpg', 'jpg', 'A', 0, 1, 60, 261, 82741, 'N'),
	(81, 'img_event02.jpg', 'audio/261/1/epi/71861d840f89-1.jpg', 'jpg', 'A', 0, 2, 60, 261, 74028, 'N'),
	(82, 'img_event03.jpg', 'audio/261/1/epi/71861d840f89-2.jpg', 'jpg', 'A', 0, 3, 60, 261, 131220, 'N'),
	(83, '1649809878.mp3', 'audio/259/3/epi/4f7c6df351e0-0.mp3', 'mp3', 'E', 168, 1, 61, 259, 2688312, 'N'),
	(84, 'img_event01.jpg', 'audio/259/3/epi/4f7c6df351e0-0.jpg', 'jpg', 'A', 0, 1, 61, 259, 82741, 'N'),
	(85, 'img_event02.jpg', 'audio/259/3/epi/4f7c6df351e0-1.jpg', 'jpg', 'A', 0, 2, 61, 259, 74028, 'N'),
	(86, 'img_event03.jpg', 'audio/259/3/epi/4f7c6df351e0-2.jpg', 'jpg', 'A', 0, 3, 61, 259, 131220, 'N'),
	(87, 'SAMPLE_2.MP3', 'audio/260/1/epi/3a52affa6e9e-0.mp3', 'mp3', 'E', 45, 1, 31, 260, 724289, 'Y'),
	(88, '350x206.png', 'audio/260/1/epi/f9dd0a1a5658-0.png', 'png', 'A', 0, 1, 31, 260, 2210, 'N'),
	(89, '424x220.png', 'audio/260/1/epi/f9dd0a1a5658-1.png', 'png', 'A', 0, 2, 31, 260, 2309, 'N'),
	(90, '582x272.png', 'audio/260/1/epi/f9dd0a1a5658-2.png', 'png', 'A', 0, 3, 31, 260, 3920, 'N'),
	(91, 'Ed_Sheeran_-_Perfect_1_Hour_Music_Lyrics[EagleConverter.com].mp3', 'audio/260/1/epi/e8895dd8016f-0.mp3', 'mp3', 'E', 3765, 1, 31, 260, 60237668, 'N'),
	(99, '1649809878.mp3', 'audio/264/1/epi/deb5fb6e5be4-0.mp3', 'mp3', 'E', 168, 1, 64, 264, 2688312, 'N'),
	(100, '350x206.png', 'audio/264/1/epi/deb5fb6e5be4-0.png', 'png', 'A', 0, 1, 64, 264, 2210, 'N'),
	(101, '424x220.png', 'audio/264/1/epi/deb5fb6e5be4-1.png', 'png', 'A', 0, 2, 64, 264, 2309, 'N'),
	(102, 'test.mp3', 'audio/265/1/epi/dad10ece31a2-0.mp3', 'mp3', 'E', 439, 1, 65, 265, 11318909, 'N'),
	(103, '7-t.png', 'audio/265/1/epi/dad10ece31a2-0.png', 'png', 'A', 0, 1, 65, 265, 68847, 'N'),
	(104, '7-t1.png', 'audio/265/1/epi/dad10ece31a2-1.png', 'png', 'A', 0, 2, 65, 265, 86537, 'N'),
	(105, '7-t3.png', 'audio/265/1/epi/dad10ece31a2-2.png', 'png', 'A', 0, 3, 65, 265, 89267, 'N'),
	(106, 'test.mp3', 'audio/265/2/epi/0dd4847674fa-0.mp3', 'mp3', 'E', 439, 1, 66, 265, 11318909, 'N'),
	(107, '8-dt.png', 'audio/265/2/epi/0dd4847674fa-0.png', 'png', 'A', 0, 1, 66, 265, 117093, 'N'),
	(108, '8-t.png', 'audio/265/2/epi/0dd4847674fa-1.png', 'png', 'A', 0, 2, 66, 265, 122269, 'N'),
	(109, '8-t1.png', 'audio/265/2/epi/0dd4847674fa-2.png', 'png', 'A', 0, 3, 66, 265, 118019, 'N'),
	(110, '8-t2.png', 'audio/265/2/epi/0dd4847674fa-3.png', 'png', 'A', 0, 4, 66, 265, 128986, 'N'),
	(111, '8-t3.png', 'audio/265/2/epi/0dd4847674fa-4.png', 'png', 'A', 0, 5, 66, 265, 123064, 'N'),
	(112, 'test2.mp3', 'audio/259/1/epi/0d78b951bf01-0.mp3', 'mp3', 'E', 122, 1, 29, 259, 4899563, 'N'),
	(113, '9-t.png', 'audio/259/1/epi/1572fb7e5a03-0.png', 'png', 'A', 0, 1, 29, 259, 112059, 'N'),
	(114, '9-t1.png', 'audio/259/1/epi/1572fb7e5a03-1.png', 'png', 'A', 0, 2, 29, 259, 69749, 'N'),
	(115, '9-t2.png', 'audio/259/1/epi/1572fb7e5a03-2.png', 'png', 'A', 0, 3, 29, 259, 83671, 'N'),
	(116, '9-t3.png', 'audio/259/1/epi/1572fb7e5a03-3.png', 'png', 'A', 0, 4, 29, 259, 76174, 'N');

-- 테이블 데이터 storybird.favorite_opus:0 rows 내보내기
/*!40000 ALTER TABLE `favorite_opus` DISABLE KEYS */;
/*!40000 ALTER TABLE `favorite_opus` ENABLE KEYS */;

-- 테이블 데이터 storybird.iamport_payment:~0 rows (대략적) 내보내기

-- 테이블 데이터 storybird.member:~0 rows (대략적) 내보내기
INSERT INTO `member` (`mem_no`, `sns_id`, `user_type`, `mem_id`, `sub_email`, `password`, `nickname`, `birth_date`, `gender`, `rcmnd_id`, `event_alarm_yn`, `opus_alarm_yn`, `last_login_date`, `last_pw_date`, `sleep_date`, `seces_feed`, `seces_content`, `seces_date`, `seces_mem_yn`, `sec_code`, `use_mem_yn`, `del_yn`, `nation_code`, `customer_uid`, `refresh_token`, `reg_date`, `mem_level`, `memo`, `profile_origin`, `profile_path`) VALUES
	(1, '', 'BS', 'qdsa09@gmail.com', 'a@a.com', '$2a$10$JQ17oPK4B4zbLsoKVroY7uinydn.Ssfj6o3S1b7/9QKB5j2mcDntS', 'StoryBird2', '1998-05-13', 'M', NULL, 'Y', 'N', '2022-05-24 15:51:42', '2022-05-04 17:22:23', NULL, ' 1', ' asdasd', '2022-03-18 15:53:14', 'N', NULL, 'Y', 'N', 'BR', 'customer_1649651404832', 'eyJ0eXAiOiJKV1QiLCJhbGciOiJIUzI1NiJ9.eyJpc3MiOiJTdG9yeUJpcmQiLCJpYXQiOjE2NTMzNzUxNzksImV4cCI6MTY1NTk2NzE3OX0.zpIE59BD2OFoYFuZqXLqanBERpeDdsY6TT-7aOpEEac', '2021-09-28 17:29:45', 0, NULL, NULL, NULL);

-- 테이블 데이터 storybird.opus:~32 rows (대략적) 내보내기
INSERT INTO `opus` (`opus_no`, `cont_no`, `opus_title`, `opus_kind`, `opus_code`, `company_code`, `genre`, `author_no`, `exposure_author`, `voice_actor_no`, `exposure_voice_actor`, `exposure_company`, `age_limit`, `hash_tag`, `story_intro`, `open_yn`, `service_state`, `comp_yn`, `per_yn`, `vou_free_yn`, `irregular_yn`, `del_yn`, `opus_cycle`, `rent_price`, `product_price`, `thumb_origin`, `thumb_path`, `thumb_vert_origin`, `thumb_vert_path`, `nation_code`, `lang_code`, `opus_count`, `reg_date`) VALUES
	(235, 155, '작품테스트1', 'AB', 'ABTR00001', '', 'TR', '65', '노출작가', '67', '노출성우', '노출회사', 0, '작품,테스트,스릴러', '작품소개작품소개작품소개작품소개작품소개작품소개작품소개작품소개작품소개작품소개작품소개작품소개작품소개작품소개작품소개작품소개작품소개작품소개작품소개작품소개작품소개작품소개작품소개작품소개작품소개', 'N', 'P', 'N', 'Y', 'N', 'N', 'N', 0, 0, 0, '180x180(1).png', 'audio/235/thumb/1646967144598.png', '582x802.jpg', 'audio/235/thumb/1646967144601.jpg', NULL, 'KO', 349, '2022-03-11 10:40:38'),
	(236, 156, '액션작품테스트1', 'AB', 'ABAC00001', '', 'AC', '0', '노출작가', '0', '노출성우', '노출회사', 0, '작품,테스트,액션', '작품소개작품소개작품소개작품소개작품소개작품소개작품소개작품소개작품소개작품소개작품소개작품소개작품소개작품소개작품소개작품소개작품소개작품소개작품소개작품소개작품소개작품소개작품소개작품소개작품소개', 'N', 'P', 'N', 'Y', 'N', 'N', 'N', 0, 0, 0, '180x180(1).png', 'audio/236/thumb/1646967272502.png', '582x802.jpg', 'audio/236/thumb/1646967272505.jpg', NULL, 'KO', 60, '2022-03-11 10:48:52'),
	(237, 157, '액션작품테스트2', 'AB', 'ABAC00002', '', 'AC', '0', '노출작가', '0', '노출성우', '노출회사', 0, '작품,테스트,액션', '작품소개작품소개작품소개작품소개작품소개작품소개작품소개작품소개작품소개작품소개작품소개작품소개작품소개작품소개작품소개작품소개작품소개작품소개작품소개작품소개작품소개작품소개작품소개작품소개작품소개', 'N', 'P', 'N', 'Y', 'N', 'N', 'N', 0, 0, 0, '180x180(1).png', 'audio/237/thumb/1646967277160.png', '582x802.jpg', 'audio/237/thumb/1646967277164.jpg', NULL, 'KO', 11, '2022-03-11 10:48:58'),
	(238, 158, '액션작품테스트3', 'AB', 'ABAC00003', '', 'AC', '0', '노출작가', '0', '노출성우', '노출회사', 0, '작품,테스트,액션', '작품소개작품소개작품소개작품소개작품소개작품소개작품소개작품소개작품소개작품소개작품소개작품소개작품소개작품소개작품소개작품소개작품소개작품소개작품소개작품소개작품소개작품소개작품소개작품소개작품소개', 'N', 'P', 'N', 'Y', 'N', 'N', 'N', 0, 0, 0, '180x180(1).png', 'audio/238/thumb/1646967283110.png', '582x802.jpg', 'audio/238/thumb/1646967283119.jpg', NULL, 'KO', 138, '2022-03-11 10:49:02'),
	(239, 159, '액션작품테스트4', 'AB', 'ABAC00004', '', 'AC', '0', '노출작가', '0', '노출성우', '노출회사', 0, '작품,테스트,액션', '작품소개작품소개작품소개작품소개작품소개작품소개작품소개작품소개작품소개작품소개작품소개작품소개작품소개작품소개작품소개작품소개작품소개작품소개작품소개작품소개작품소개작품소개작품소개작품소개작품소개', 'N', 'P', 'N', 'Y', 'N', 'N', 'N', 0, 0, 0, '180x180(1).png', 'audio/239/thumb/1646967289594.png', '582x802.jpg', 'audio/239/thumb/1646967289598.jpg', NULL, 'KO', 24, '2022-03-11 10:49:06'),
	(240, 160, '액션작품테스트5', 'AB', 'ABAC00005', '', 'AC', '0', '노출작가', '0', '노출성우', '노출회사', 0, '작품,테스트,액션', '작품소개작품소개작품소개작품소개작품소개작품소개작품소개작품소개작품소개작품소개작품소개작품소개작품소개작품소개작품소개작품소개작품소개작품소개작품소개작품소개작품소개작품소개작품소개작품소개작품소개', 'N', 'P', 'N', 'Y', 'N', 'N', 'N', 0, 0, 0, '180x180(1).png', 'audio/240/thumb/1646967297277.png', '582x802.jpg', 'audio/240/thumb/1646967297285.jpg', NULL, 'KO', 2, '2022-03-11 10:49:11'),
	(241, 161, '스릴러작품테스트1', 'AB', 'ABTR00002', '', 'TR', '0', '노출작가', '0', '노출성우', '노출회사', 0, '작품,테스트,스릴러', '작품소개작품소개작품소개작품소개작품소개작품소개작품소개작품소개작품소개작품소개작품소개작품소개작품소개작품소개작품소개작품소개작품소개작품소개작품소개작품소개작품소개작품소개작품소개작품소개작품소개', 'N', 'P', 'N', 'Y', 'N', 'N', 'N', 0, 0, 0, '180x180(1).png', 'audio/241/thumb/1646967225325.png', '582x802.jpg', 'audio/241/thumb/1646967225335.jpg', NULL, 'KO', 92, '2022-03-11 10:49:42'),
	(242, 162, '스릴러작품테스트2', 'AB', 'ABTR00003', '', 'TR', '0', '노출작가', '0', '노출성우', '노출회사', 0, '작품,테스트,스릴러', '작품소개작품소개작품소개작품소개작품소개작품소개작품소개작품소개작품소개작품소개작품소개작품소개작품소개작품소개작품소개작품소개작품소개작품소개작품소개작품소개작품소개작품소개작품소개작품소개작품소개', 'N', 'P', 'N', 'Y', 'N', 'N', 'N', 0, 0, 0, '180x180(1).png', 'audio/242/thumb/1646967325298.png', '582x802.jpg', 'audio/242/thumb/1646967325304.jpg', NULL, 'KO', 2, '2022-03-11 10:49:46'),
	(243, 163, '스릴러작품테스트3', 'AB', 'ABTR00004', '', 'TR', '0', '노출작가', '0', '노출성우', '노출회사', 0, '작품,테스트,스릴러', '작품소개작품소개작품소개작품소개작품소개작품소개작품소개작품소개작품소개작품소개작품소개작품소개작품소개작품소개작품소개작품소개작품소개작품소개작품소개작품소개작품소개작품소개작품소개작품소개작품소개', 'N', 'P', 'N', 'Y', 'N', 'N', 'N', 0, 0, 0, '180x180(1).png', 'audio/243/thumb/1646967461964.png', '582x802.jpg', 'audio/243/thumb/1646967461971.jpg', NULL, 'KO', 97, '2022-03-11 10:49:51'),
	(244, 164, '스릴러작품테스트4', 'AB', 'ABTR00005', '', 'TR', '0', '노출작가', '0', '노출성우', '노출회사', 0, '작품,테스트,스릴러', '작품소개작품소개작품소개작품소개작품소개작품소개작품소개작품소개작품소개작품소개작품소개작품소개작품소개작품소개작품소개작품소개작품소개작품소개작품소개작품소개작품소개작품소개작품소개작품소개작품소개', 'N', 'P', 'N', 'Y', 'N', 'N', 'N', 0, 0, 0, '180x180(1).png', 'audio/244/thumb/1646967468034.png', '582x802.jpg', 'audio/244/thumb/1646967468044.jpg', NULL, 'KO', 5, '2022-03-11 10:49:55'),
	(245, 165, '스릴러작품테스트5', 'AB', 'ABTR00006', '', 'TR', '0', '노출작가', '0', '노출성우', '노출회사', 0, '작품,테스트,스릴러', '작품소개작품소개작품소개작품소개작품소개작품소개작품소개작품소개작품소개작품소개작품소개작품소개작품소개작품소개작품소개작품소개작품소개작품소개작품소개작품소개작품소개작품소개작품소개작품소개작품소개', 'N', 'P', 'N', 'Y', 'N', 'N', 'N', 0, 0, 0, '180x180(1).png', 'audio/245/thumb/1646967474004.png', '582x802.jpg', 'audio/245/thumb/1646967474008.jpg', NULL, 'KO', 3, '2022-03-11 10:50:03'),
	(246, 166, '멜로작품테스트1', 'AB', 'ABML00001', '', 'ML', '0', '노출작가', '0', '노출성우', '노출회사', 19, '작품,테스트,멜로', '작품소개작품소개작품소개작품소개작품소개작품소개작품소개작품소개작품소개작품소개작품소개작품소개작품소개작품소개작품소개작품소개작품소개작품소개작품소개작품소개작품소개작품소개작품소개작품소개작품소개', 'N', 'P', 'N', 'Y', 'N', 'N', 'N', 0, 0, 0, '180x180(1).png', 'audio/246/thumb/1646967495734.png', '582x802.jpg', 'audio/246/thumb/1646967495744.jpg', NULL, 'KO', 5, '2022-03-11 10:51:15'),
	(247, 167, '멜로작품테스트1', 'AB', 'ABML00002', '', 'ML', '0', '노출작가', '0', '노출성우', '노출회사', 19, '작품,테스트,멜로', '작품소개작품소개작품소개작품소개작품소개작품소개작품소개작품소개작품소개작품소개작품소개작품소개작품소개작품소개작품소개작품소개작품소개작품소개작품소개작품소개작품소개작품소개작품소개작품소개작품소개', 'N', 'P', 'N', 'Y', 'N', 'N', 'N', 0, 0, 0, '180x180(1).png', 'audio/247/thumb/1646967499941.png', '582x802.jpg', 'audio/247/thumb/1646967499945.jpg', NULL, 'KO', 3, '2022-03-11 10:52:22'),
	(248, 168, '멜로작품테스트3', 'AB', 'ABML00003', '', 'ML', '0', '노출작가', '0', '노출성우', '노출회사', 19, '작품,테스트,멜로', '작품소개작품소개작품소개작품소개작품소개작품소개작품소개작품소개작품소개작품소개작품소개작품소개작품소개작품소개작품소개작품소개작품소개작품소개작품소개작품소개작품소개작품소개작품소개작품소개작품소개', 'N', 'P', 'N', 'Y', 'N', 'N', 'N', 0, 0, 0, '180x180(1).png', 'audio/248/thumb/1646967514744.png', '582x802.jpg', 'audio/248/thumb/1646967514747.jpg', NULL, 'KO', 2, '2022-03-11 10:52:29'),
	(249, 169, '멜로작품테스트4', 'AB', 'ABML00004', '', 'ML', '0', '노출작가', '0', '노출성우', '노출회사', 19, '작품,테스트,멜로', '작품소개작품소개작품소개작품소개작품소개작품소개작품소개작품소개작품소개작품소개작품소개작품소개작품소개작품소개작품소개작품소개작품소개작품소개작품소개작품소개작품소개작품소개작품소개작품소개작품소개', 'N', 'P', 'N', 'Y', 'N', 'N', 'N', 0, 0, 0, '180x180(1).png', 'audio/249/thumb/1646967520439.png', '582x802.jpg', 'audio/249/thumb/1646967520445.jpg', NULL, 'KO', 5, '2022-03-11 10:52:34'),
	(250, 170, '멜로작품테스트5', 'AB', 'ABML00005', '', 'ML', '0', '노출작가', '0', '노출성우', '노출회사', 19, '작품,테스트,멜로', '작품소개작품소개작품소개작품소개작품소개작품소개작품소개작품소개작품소개작품소개작품소개작품소개작품소개작품소개작품소개작품소개작품소개작품소개작품소개작품소개작품소개작품소개작품소개작품소개작품소개', 'N', 'P', 'N', 'Y', 'N', 'N', 'N', 0, 0, 0, '180x180(1).png', 'audio/250/thumb/1646967527579.png', '582x802.jpg', 'audio/250/thumb/1646967527586.jpg', NULL, 'KO', 3, '2022-03-11 10:53:14'),
	(251, 171, '로맨틱코미디작품테스트1', 'AB', 'ABML00006', '', 'RC', '0', '노출작가', '0', '노출성우', '노출회사', 0, '작품,테스트,로맨틱코미디', '작품소개작품소개작품소개작품소개작품소개작품소개작품소개작품소개작품소개작품소개작품소개작품소개작품소개작품소개작품소개작품소개작품소개작품소개작품소개작품소개작품소개작품소개작품소개작품소개작품소개', 'N', 'P', 'N', 'Y', 'N', 'N', 'N', 0, 0, 0, '180x180(1).png', 'audio/251/thumb/1646967553598.png', '582x802.jpg', 'audio/251/thumb/1646967553603.jpg', NULL, 'KO', 3, '2022-03-11 10:53:35'),
	(252, 172, '로맨틱코미디작품테스트2', 'AB', 'ABML00007', '', 'RC', '0', '노출작가', '0', '노출성우', '노출회사', 0, '작품,테스트,로맨틱코미디', '작품소개작품소개작품소개작품소개작품소개작품소개작품소개작품소개작품소개작품소개작품소개작품소개작품소개작품소개작품소개작품소개작품소개작품소개작품소개작품소개작품소개작품소개작품소개작품소개작품소개', 'N', 'P', 'N', 'Y', 'N', 'N', 'N', 0, 0, 0, '180x180(1).png', 'audio/252/thumb/1646967559351.png', '582x802.jpg', 'audio/252/thumb/1646967559355.jpg', NULL, 'KO', 2, '2022-03-11 10:53:40'),
	(253, 173, '로맨틱코미디작품테스트3', 'AB', 'ABML00008', '', 'RC', '0', '노출작가', '0', '노출성우', '노출회사', 0, '작품,테스트,로맨틱코미디', '작품소개작품소개작품소개작품소개작품소개작품소개작품소개작품소개작품소개작품소개작품소개작품소개작품소개작품소개작품소개작품소개작품소개작품소개작품소개작품소개작품소개작품소개작품소개작품소개작품소개', 'N', 'P', 'N', 'Y', 'N', 'N', 'N', 0, 0, 0, '180x180(1).png', 'audio/253/thumb/1646967565518.png', '582x802.jpg', 'audio/253/thumb/1646967565530.jpg', NULL, 'KO', 7, '2022-03-11 10:53:44'),
	(254, 174, '로맨틱코미디작품테스트5', 'AB', 'ABML00009', '', 'RC', '0', '노출작가', '0', '노출성우', '노출회사', 0, '작품,테스트,로맨틱코미디', '작품소개작품소개작품소개작품소개작품소개작품소개작품소개작품소개작품소개작품소개작품소개작품소개작품소개작품소개작품소개작품소개작품소개작품소개작품소개작품소개작품소개작품소개작품소개작품소개작품소개', 'N', 'P', 'N', 'Y', 'N', 'N', 'N', 0, 0, 0, '180x180(1).png', 'audio/254/thumb/1646967572172.png', '582x802.jpg', 'audio/254/thumb/1646967572176.jpg', NULL, 'KO', 5, '2022-03-11 10:53:55'),
	(255, 175, '호러작품테스트1', 'AB', 'ABHR00001', '', 'HR', '65', '노출작가', '67', '노출성우', '노출회사', 0, '작품,테스트,호러', '작품소개작품소개작품소개작품소개작품소개작품소개작품소개작품소개작품소개작품소개작품소개작품소개작품소개작품소개작품소개작품소개작품소개작품소개작품소개작품소개작품소개작품소개작품소개작품소개작품소개', 'N', 'P', 'N', 'Y', 'N', 'N', 'N', 0, 0, 0, '180x180(1).png', 'audio/255/thumb/1646967587884.png', '582x802.jpg', 'audio/255/thumb/1646967587895.jpg', NULL, 'KO', 910, '2022-03-11 10:55:18'),
	(256, 176, '호러작품테스트2', 'AB', 'ABHR00002', '', 'HR', '0', '노출작가', '0', '노출성우', '노출회사', 0, '작품,테스트,호러', '작품소개작품소개작품소개작품소개작품소개작품소개작품소개작품소개작품소개작품소개작품소개작품소개작품소개작품소개작품소개작품소개작품소개작품소개작품소개작품소개작품소개작품소개작품소개작품소개작품소개', 'N', 'P', 'N', 'Y', 'N', 'N', 'N', 0, 0, 0, '180x180(1).png', 'audio/256/thumb/1646967602264.png', '582x802.jpg', 'audio/256/thumb/1646967602271.jpg', NULL, 'KO', 28, '2022-03-11 10:55:22'),
	(257, 177, '호러작품테스트3', 'AB', 'ABHR00003', '', 'HR', '0', '노출작가', '0', '노출성우', '노출회사', 0, '작품,테스트,호러', '작품소개작품소개작품소개작품소개작품소개작품소개작품소개작품소개작품소개작품소개작품소개작품소개작품소개작품소개작품소개작품소개작품소개작품소개작품소개작품소개작품소개작품소개작품소개작품소개작품소개', 'N', 'P', 'N', 'Y', 'N', 'N', 'N', 0, 0, 0, '180x180(1).png', 'audio/257/thumb/1646967608009.png', '582x802.jpg', 'audio/257/thumb/1646967608015.jpg', NULL, 'KO', 12, '2022-03-11 10:55:26'),
	(258, 178, '호러작품테스트4', 'AB', 'ABHR00004', '', 'HR', '0', '노출작가', '0', '노출성우', '노출회사', 0, '작품,테스트,호러', '작품소개작품소개작품소개작품소개작품소개작품소개작품소개작품소개작품소개작품소개작품소개작품소개작품소개작품소개작품소개작품소개작품소개작품소개작품소개작품소개작품소개작품소개작품소개작품소개작품소개', 'N', 'P', 'N', 'Y', 'N', 'N', 'N', 0, 0, 0, '636x460_2.jpg', 'audio/258/thumb/1648803629611.jpg', '582x802.jpg', 'audio/258/thumb/1646967614092.jpg', NULL, 'KO', 17, '2022-03-11 10:55:30'),
	(259, 179, '재미있는작품1', 'AB', 'ABRC00010', 'PART00001', 'RC', '65,66', '버드글작가,버드그림작가', '64', '버드성우1', '', 0, '스,토,리,버,드!!', '작품소개글 작품소개글 작품소개글 작품소개글 작품소개글 \r\n작품소개글 작품소개글 작품소개글 작품소개글 작품소개글 \r\n작품소개글 작품소개글 작품소개글 작품소개글 작품소개글 \r\n작품소개글 작품소개글 작품소개글 작품소개글 작품소개글 \r\n작품소개글 작품소개글 작품소개글 작품소개글 작품소개글', 'N', 'P', 'N', 'Y', 'N', 'N', 'N', 0, 0, 0, '538x316_2.jpeg', 'audio/259/thumb/1648542119444.jpeg', '538x316_2.jpeg', 'audio/259/thumb/1648542119445.jpeg', NULL, 'KO', 85, '2022-03-25 10:32:58'),
	(260, 180, '작품테스트3', 'AB', 'ABTR00007', '', 'TR', '65,66', '노출작가', '64', '버드성우1', '', 0, '스,토,리,버,드!!,1', '작품소개작품소개작품소개작품소개\r\n작품소개작품소개작품소개\r\n작품소개작품소개\r\n작품소개', 'N', 'P', 'N', 'Y', 'N', 'N', 'N', 0, 0, 0, '646x460_3.png', 'audio/260/thumb/1648542079982.png', '646x460_3.png', 'audio/260/thumb/1648542079984.png', NULL, 'KO', 157, '2022-03-29 13:16:21'),
	(261, 181, '0412작품명', 'AB', 'ABAC00006', 'PART00001', 'AC', '66', '작가100', '64', '성우100', '회사100', 0, '스,토,리,버,드!!', '작품소개글', 'N', 'P', 'N', 'Y', 'N', 'N', 'N', 0, 0, 0, '다운로드 (1).png', 'audio/261/thumb/1649742414977.png', '미생.jpg', 'audio/261/thumb/1649742414979.jpg', NULL, 'KO', 4, '2022-04-12 14:30:09'),
	(264, 184, '0429작품수정', 'AB', 'ABRC00011', 'PART00001', 'RC', '65,66', '버드글작가,버드그림작가1', '64', '버드성우1', '', 0, '버,드!!,1', '테스트테스트테스트테스트테스트수정', 'N', 'P', 'N', 'Y', 'N', 'N', 'N', 0, 0, 0, 'favicon.png', 'audio/264/thumb/1651198845841.png', 'favicon.png', 'audio/264/thumb/1651198845843.png', NULL, 'KO', 84, '2022-04-29 11:12:21'),
	(265, 185, '19세작품', 'AB', 'ABRC00012', 'PART00001', 'RC', '65,66', '작가', '67', '성우', '스토리버드', 0, '스,토,리,버,드!!', '테스트테스트', 'N', 'P', 'N', 'Y', 'N', 'N', 'N', 0, 0, 0, '55113894.jpg', 'audio/265/thumb/1651200167276.jpg', '55113894.jpg', 'audio/265/thumb/1651200167277.jpg', NULL, 'KO', 227, '2022-04-29 11:36:15');

-- 테이블 데이터 storybird.opus_history:~258 rows (대략적) 내보내기
INSERT INTO `opus_history` (`h_idx`, `mem_no`, `opus_no`, `epi_seq`, `gift_no`, `use_cash`, `mem_ship_seq`, `rant_yn`, `cancel_yn`, `show_yn`, `use_date`) VALUES
	(758, 1, 235, 1, NULL, 0, 0, 'Y', 'N', 'Y', '2022-03-24 12:50:00'),
	(759, 1, 235, 2, NULL, 100, 0, 'Y', 'N', 'Y', '2022-03-24 12:50:00'),
	(761, 1, 238, 8, NULL, 100, 0, 'Y', 'N', 'Y', '2022-03-24 13:20:00'),
	(767, 23, 235, 1, NULL, 0, 0, 'Y', 'N', 'N', '2022-03-24 13:20:00'),
	(768, 23, 235, 2, NULL, 100, 0, 'Y', 'N', 'N', '2022-03-24 13:20:00'),
	(769, 23, 235, 3, NULL, 100, 0, 'Y', 'N', 'N', '2022-03-24 13:20:00'),
	(770, 23, 235, 4, NULL, 100, 0, 'Y', 'N', 'N', '2022-03-24 13:20:00'),
	(771, 23, 235, 5, NULL, 100, 0, 'Y', 'N', 'N', '2022-03-24 13:20:00'),
	(772, 23, 236, 6, NULL, 100, 0, 'Y', 'N', 'N', '2022-03-24 13:20:00'),
	(773, 23, 237, 7, NULL, 100, 0, 'Y', 'N', 'N', '2022-03-24 13:20:00'),
	(774, 23, 238, 8, NULL, 100, 0, 'Y', 'N', 'N', '2022-03-24 13:20:00'),
	(775, 23, 239, 9, NULL, 100, 0, 'Y', 'N', 'Y', '2022-03-24 13:20:00'),
	(776, 23, 240, 10, NULL, 100, 0, 'Y', 'N', 'N', '2022-03-24 13:20:00'),
	(777, 23, 241, 11, NULL, 100, 0, 'Y', 'N', 'Y', '2022-03-24 13:20:00'),
	(778, 23, 242, 12, NULL, 100, 0, 'Y', 'N', 'N', '2022-03-24 13:20:00'),
	(779, 23, 243, 13, NULL, 0, 0, 'Y', 'N', 'Y', '2022-03-24 13:20:00'),
	(780, 23, 244, 14, NULL, 0, 0, 'Y', 'N', 'Y', '2022-03-24 13:20:00'),
	(781, 23, 245, 15, NULL, 100, 0, 'Y', 'N', 'Y', '2022-03-24 13:20:00'),
	(782, 23, 246, 16, NULL, 100, 0, 'Y', 'N', 'Y', '2022-03-24 13:20:00'),
	(783, 23, 247, 17, NULL, 100, 0, 'N', 'N', 'N', '2022-03-24 13:20:00'),
	(784, 23, 248, 18, NULL, 100, 0, 'N', 'N', 'N', '2022-03-24 13:20:00'),
	(785, 23, 249, 19, NULL, 100, 0, 'N', 'N', 'Y', '2022-03-24 13:20:00'),
	(786, 23, 250, 20, NULL, 100, 0, 'N', 'N', 'Y', '2022-03-24 13:20:00'),
	(787, 23, 251, 21, NULL, 100, 0, 'N', 'N', 'Y', '2022-03-24 13:20:00'),
	(788, 23, 252, 22, NULL, 100, 0, 'N', 'N', 'Y', '2022-03-24 13:20:00'),
	(789, 23, 253, 23, NULL, 100, 0, 'N', 'N', 'Y', '2022-03-24 13:20:00'),
	(790, 23, 254, 24, NULL, 100, 0, 'N', 'N', 'Y', '2022-03-24 13:20:00'),
	(791, 23, 255, 25, NULL, 100, 0, 'N', 'N', 'Y', '2022-03-24 13:20:00'),
	(792, 23, 256, 26, NULL, 100, 0, 'N', 'N', 'Y', '2022-03-24 13:20:00'),
	(793, 23, 257, 27, NULL, 100, 0, 'N', 'N', 'Y', '2022-03-24 13:20:00'),
	(794, 23, 258, 28, NULL, 100, 0, 'N', 'N', 'Y', '2022-03-24 13:20:00'),
	(795, 23, 259, 29, NULL, 100, 0, 'N', 'N', 'Y', '2022-03-24 13:20:00'),
	(796, 28, 255, 25, NULL, 100, 0, 'N', 'N', 'Y', '2022-04-06 13:20:00'),
	(798, 1, 238, 8, NULL, 100, 0, 'N', 'N', 'Y', '2022-03-24 13:20:00'),
	(799, 1, 238, 8, NULL, 100, 198, 'Y', 'N', 'Y', '2022-03-25 13:20:00'),
	(809, 1, 235, 5, NULL, 80, 0, 'N', 'N', 'Y', '2022-04-05 13:35:23'),
	(810, 1, 236, 6, NULL, 200, 0, 'N', 'Y', 'Y', '2022-04-05 13:35:24'),
	(811, 1, 237, 7, NULL, 100, 0, 'Y', 'N', 'Y', '2022-04-05 13:54:19'),
	(812, 1, 237, 7, NULL, 200, 0, 'N', 'Y', 'Y', '2022-04-05 14:01:42'),
	(818, 1, 255, 25, NULL, 0, 207, 'N', 'N', 'Y', '2022-04-11 16:58:16'),
	(822, 28, 255, 32, NULL, 0, 207, 'N', 'N', 'Y', '2022-04-11 17:04:14'),
	(823, 28, 255, 33, NULL, 0, 207, 'N', 'N', 'Y', '2022-04-11 17:04:19'),
	(824, 28, 255, 34, NULL, 0, 207, 'N', 'N', 'Y', '2022-04-11 17:04:24'),
	(987, 1, 256, 26, NULL, 0, 208, 'N', 'N', 'Y', '2022-04-13 10:47:46'),
	(1188, 28, 235, 2, NULL, 0, 207, 'N', 'N', 'Y', '2022-04-17 08:25:49'),
	(1190, 28, 235, 5, NULL, 0, 207, 'N', 'N', 'Y', '2022-04-17 08:25:50'),
	(1191, 28, 235, 4, NULL, 0, 207, 'N', 'N', 'Y', '2022-04-17 08:25:57'),
	(1214, 28, 259, 61, NULL, 0, 212, 'N', 'N', 'Y', '2022-04-19 10:21:12'),
	(1228, 28, 235, 2, NULL, 0, 212, 'N', 'N', 'Y', '2022-04-19 10:58:10'),
	(1318, 28, 235, 4, NULL, 0, 212, 'N', 'N', 'Y', '2022-04-19 13:51:55'),
	(1331, 28, 235, 5, NULL, 0, 212, 'N', 'N', 'Y', '2022-04-19 13:59:46'),
	(1390, 28, 238, 40, NULL, 0, 212, 'N', 'N', 'Y', '2022-04-19 16:35:52'),
	(1391, 28, 238, 38, NULL, 0, 212, 'N', 'N', 'Y', '2022-04-19 16:35:53'),
	(1392, 28, 238, 35, NULL, 0, 212, 'N', 'N', 'Y', '2022-04-19 16:35:54'),
	(1454, 1, 241, 11, NULL, 0, 0, 'Y', 'N', 'Y', '2022-04-20 09:57:50'),
	(1455, 1, 241, 11, NULL, 0, 0, 'Y', 'N', 'Y', '2022-04-20 09:58:41'),
	(1456, 1, 241, 11, NULL, 0, 0, 'Y', 'N', 'Y', '2022-04-20 09:58:43'),
	(1457, 1, 241, 11, NULL, 0, 0, 'Y', 'N', 'Y', '2022-04-20 09:58:52'),
	(1458, 1, 241, 11, NULL, 0, 0, 'Y', 'N', 'Y', '2022-04-20 09:58:59'),
	(1459, 1, 241, 11, NULL, 0, 0, 'Y', 'N', 'Y', '2022-04-20 09:59:00'),
	(1460, 1, 241, 11, NULL, 0, 0, 'Y', 'N', 'Y', '2022-04-20 09:59:15'),
	(1461, 1, 243, 13, NULL, 0, 0, 'Y', 'N', 'Y', '2022-04-20 09:59:27'),
	(1462, 1, 256, 26, NULL, 0, 0, 'Y', 'N', 'Y', '2022-04-20 10:11:06'),
	(1463, 28, 241, 11, NULL, 0, 0, 'Y', 'N', 'Y', '2022-04-20 11:47:23'),
	(1464, 28, 235, 1, NULL, 0, 0, 'Y', 'N', 'Y', '2022-04-20 14:25:58'),
	(1465, 28, 235, 1, NULL, 0, 0, 'Y', 'N', 'Y', '2022-04-20 14:26:30'),
	(1466, 28, 235, 1, NULL, 0, 0, 'Y', 'N', 'Y', '2022-04-20 14:26:45'),
	(1467, 28, 235, 1, NULL, 0, 0, 'Y', 'N', 'Y', '2022-04-20 14:28:08'),
	(1468, 28, 235, 3, NULL, 0, 0, 'Y', 'N', 'Y', '2022-04-20 14:28:25'),
	(1469, 28, 238, 8, NULL, 0, 0, 'Y', 'N', 'Y', '2022-04-20 14:28:57'),
	(1470, 28, 236, 6, NULL, 0, 0, 'Y', 'N', 'Y', '2022-04-20 14:29:19'),
	(1471, 28, 235, 3, NULL, 0, 0, 'Y', 'N', 'Y', '2022-04-20 14:30:12'),
	(1472, 28, 235, 1, NULL, 0, 0, 'Y', 'N', 'Y', '2022-04-20 14:30:38'),
	(1473, 28, 235, 1, NULL, 0, 0, 'Y', 'N', 'Y', '2022-04-20 14:30:54'),
	(1474, 28, 235, 1, NULL, 0, 0, 'Y', 'N', 'Y', '2022-04-20 14:31:57'),
	(1475, 28, 235, 1, NULL, 0, 0, 'Y', 'N', 'Y', '2022-04-20 14:33:46'),
	(1476, 28, 235, 3, NULL, 0, 0, 'Y', 'N', 'Y', '2022-04-20 14:35:48'),
	(1478, 28, 260, 31, NULL, 0, 0, 'Y', 'N', 'Y', '2022-04-20 14:51:10'),
	(1480, 28, 260, 31, NULL, 0, 0, 'Y', 'N', 'Y', '2022-04-20 14:52:37'),
	(1481, 28, 235, 1, NULL, 0, 0, 'Y', 'N', 'Y', '2022-04-20 14:58:18'),
	(1482, 28, 260, 31, NULL, 0, 0, 'Y', 'N', 'Y', '2022-04-20 15:00:13'),
	(1483, 28, 260, 31, NULL, 0, 0, 'Y', 'N', 'Y', '2022-04-20 17:27:35'),
	(1484, 28, 235, 1, NULL, 0, 0, 'Y', 'N', 'Y', '2022-04-20 22:29:42'),
	(1485, 28, 235, 1, NULL, 0, 0, 'Y', 'N', 'Y', '2022-04-20 22:32:03'),
	(1486, 28, 236, 6, NULL, 0, 0, 'Y', 'N', 'Y', '2022-04-20 22:34:18'),
	(1487, 28, 236, 6, NULL, 0, 0, 'Y', 'N', 'Y', '2022-04-20 22:39:45'),
	(1488, 28, 260, 31, NULL, 0, 0, 'Y', 'N', 'Y', '2022-04-20 22:39:57'),
	(1489, 28, 260, 31, NULL, 0, 0, 'Y', 'N', 'Y', '2022-04-21 00:14:21'),
	(1490, 28, 260, 31, NULL, 0, 0, 'Y', 'N', 'Y', '2022-04-21 00:23:03'),
	(1491, 28, 238, 8, NULL, 0, 0, 'Y', 'N', 'Y', '2022-04-21 16:12:28'),
	(1492, 28, 238, 8, NULL, 0, 0, 'Y', 'N', 'Y', '2022-04-21 16:15:15'),
	(1493, 28, 238, 8, NULL, 0, 0, 'Y', 'N', 'Y', '2022-04-21 16:26:58'),
	(1494, 28, 238, 8, NULL, 0, 0, 'Y', 'N', 'Y', '2022-04-21 16:35:41'),
	(1495, 28, 238, 8, NULL, 0, 0, 'Y', 'N', 'Y', '2022-04-21 16:36:18'),
	(1496, 28, 236, 6, NULL, 0, 0, 'Y', 'N', 'Y', '2022-04-21 16:36:27'),
	(1497, 28, 260, 31, NULL, 0, 0, 'Y', 'N', 'Y', '2022-04-21 16:36:43'),
	(1498, 28, 260, 31, NULL, 0, 0, 'Y', 'N', 'Y', '2022-04-21 16:57:27'),
	(1499, 28, 235, 1, NULL, 0, 0, 'Y', 'N', 'Y', '2022-04-21 16:58:10'),
	(1500, 28, 235, 1, NULL, 0, 0, 'Y', 'N', 'Y', '2022-04-21 16:58:19'),
	(1501, 28, 243, 13, NULL, 0, 0, 'Y', 'N', 'Y', '2022-04-21 17:02:12'),
	(1502, 28, 235, 1, NULL, 0, 0, 'Y', 'N', 'Y', '2022-04-21 17:02:17'),
	(1503, 28, 236, 6, NULL, 0, 0, 'Y', 'N', 'Y', '2022-04-21 17:02:24'),
	(1504, 28, 238, 8, NULL, 0, 0, 'Y', 'N', 'Y', '2022-04-21 17:02:28'),
	(1505, 28, 238, 8, NULL, 0, 0, 'Y', 'N', 'Y', '2022-04-21 17:11:13'),
	(1506, 28, 238, 8, NULL, 0, 0, 'Y', 'N', 'Y', '2022-04-21 17:11:26'),
	(1507, 28, 235, 1, NULL, 0, 0, 'Y', 'N', 'Y', '2022-04-21 17:11:30'),
	(1508, 28, 235, 3, NULL, 0, 0, 'Y', 'N', 'Y', '2022-04-21 17:11:34'),
	(1509, 28, 235, 1, NULL, 0, 0, 'Y', 'N', 'Y', '2022-04-21 17:11:35'),
	(1510, 28, 235, 3, NULL, 0, 0, 'Y', 'N', 'Y', '2022-04-21 17:11:43'),
	(1511, 28, 238, 8, NULL, 0, 0, 'Y', 'N', 'Y', '2022-04-21 17:16:39'),
	(1512, 28, 238, 8, NULL, 0, 0, 'Y', 'N', 'Y', '2022-04-21 17:16:56'),
	(1513, 28, 238, 8, NULL, 0, 0, 'Y', 'N', 'Y', '2022-04-21 17:17:44'),
	(1514, 28, 238, 8, NULL, 0, 0, 'Y', 'N', 'Y', '2022-04-21 17:20:35'),
	(1515, 28, 238, 8, NULL, 0, 0, 'Y', 'N', 'Y', '2022-04-21 17:24:24'),
	(1516, 28, 238, 8, NULL, 0, 0, 'Y', 'N', 'Y', '2022-04-21 17:26:42'),
	(1517, 28, 238, 8, NULL, 0, 0, 'Y', 'N', 'Y', '2022-04-21 17:27:19'),
	(1518, 28, 238, 8, NULL, 0, 0, 'Y', 'N', 'Y', '2022-04-21 17:28:03'),
	(1519, 28, 238, 8, NULL, 0, 0, 'Y', 'N', 'Y', '2022-04-21 17:28:12'),
	(1520, 28, 238, 8, NULL, 0, 0, 'Y', 'N', 'Y', '2022-04-21 17:29:28'),
	(1521, 37, 259, 30, NULL, 0, 0, 'Y', 'N', 'Y', '2022-04-21 17:29:36'),
	(1522, 28, 238, 8, NULL, 0, 0, 'Y', 'N', 'Y', '2022-04-21 17:38:02'),
	(1523, 28, 238, 8, NULL, 0, 0, 'Y', 'N', 'Y', '2022-04-21 17:40:43'),
	(1524, 37, 259, 30, NULL, 0, 0, 'Y', 'N', 'Y', '2022-04-21 17:56:45'),
	(1525, 37, 259, 29, NULL, 0, 0, 'Y', 'N', 'Y', '2022-04-21 17:56:45'),
	(1526, 37, 259, 30, NULL, 0, 0, 'Y', 'N', 'Y', '2022-04-21 17:56:47'),
	(1527, 37, 235, 3, NULL, 0, 0, 'Y', 'N', 'Y', '2022-04-22 08:24:04'),
	(1528, 37, 235, 1, NULL, 0, 0, 'Y', 'N', 'Y', '2022-04-22 08:24:06'),
	(1529, 37, 235, 3, NULL, 0, 0, 'Y', 'N', 'Y', '2022-04-22 09:02:32'),
	(1530, 37, 235, 1, NULL, 0, 0, 'Y', 'N', 'Y', '2022-04-22 09:02:32'),
	(1531, 37, 235, 3, NULL, 0, 0, 'Y', 'N', 'Y', '2022-04-22 09:02:35'),
	(1532, 37, 235, 1, NULL, 0, 0, 'Y', 'N', 'Y', '2022-04-22 09:13:39'),
	(1533, 38, 235, 1, NULL, 0, 0, 'Y', 'N', 'Y', '2022-04-22 09:14:16'),
	(1534, 38, 235, 1, NULL, 0, 0, 'Y', 'N', 'Y', '2022-04-22 09:14:49'),
	(1535, 37, 235, 1, NULL, 0, 0, 'Y', 'N', 'Y', '2022-04-22 09:15:17'),
	(1536, 38, 235, 3, NULL, 0, 0, 'Y', 'N', 'Y', '2022-04-22 09:16:18'),
	(1537, 37, 235, 3, NULL, 0, 0, 'Y', 'N', 'Y', '2022-04-22 09:16:23'),
	(1538, 38, 235, 3, NULL, 0, 0, 'Y', 'N', 'Y', '2022-04-22 09:16:25'),
	(1539, 38, 235, 3, NULL, 0, 0, 'Y', 'N', 'Y', '2022-04-22 09:16:28'),
	(1540, 38, 235, 1, NULL, 0, 0, 'Y', 'N', 'Y', '2022-04-22 09:17:12'),
	(1541, 38, 235, 1, NULL, 0, 0, 'Y', 'N', 'Y', '2022-04-22 09:17:27'),
	(1542, 37, 260, 31, NULL, 0, 0, 'Y', 'N', 'Y', '2022-04-22 09:39:55'),
	(1543, 37, 260, 31, NULL, 0, 0, 'Y', 'N', 'Y', '2022-04-22 09:40:00'),
	(1544, 28, 235, 1, NULL, 0, 0, 'Y', 'N', 'Y', '2022-04-22 10:22:04'),
	(1545, 28, 235, 1, NULL, 0, 0, 'Y', 'N', 'Y', '2022-04-22 10:22:09'),
	(1546, 28, 235, 3, NULL, 0, 0, 'Y', 'N', 'Y', '2022-04-22 10:22:14'),
	(1547, 28, 236, 6, NULL, 0, 0, 'Y', 'N', 'Y', '2022-04-22 10:33:08'),
	(1548, 28, 236, 6, NULL, 0, 0, 'Y', 'N', 'Y', '2022-04-22 10:33:09'),
	(1549, 28, 239, 9, NULL, 0, 0, 'Y', 'N', 'Y', '2022-04-22 10:54:54'),
	(1550, 28, 260, 31, NULL, 0, 0, 'Y', 'N', 'Y', '2022-04-22 11:08:33'),
	(1551, 37, 260, 31, NULL, 0, 0, 'Y', 'N', 'Y', '2022-04-22 16:27:29'),
	(1552, 37, 235, 1, NULL, 0, 0, 'Y', 'N', 'Y', '2022-04-22 16:27:40'),
	(1553, 37, 260, 31, NULL, 0, 0, 'Y', 'N', 'Y', '2022-04-22 16:27:53'),
	(1554, 37, 260, 31, NULL, 0, 0, 'Y', 'N', 'Y', '2022-04-22 16:27:58'),
	(1555, 37, 260, 31, NULL, 0, 0, 'Y', 'N', 'Y', '2022-04-22 16:27:59'),
	(1556, 37, 259, 29, NULL, 0, 0, 'Y', 'N', 'Y', '2022-04-22 16:28:09'),
	(1557, 37, 259, 29, NULL, 0, 0, 'Y', 'N', 'Y', '2022-04-22 16:28:16'),
	(1558, 37, 259, 30, NULL, 0, 0, 'Y', 'N', 'Y', '2022-04-22 16:28:26'),
	(1559, 37, 259, 30, NULL, 0, 0, 'Y', 'N', 'Y', '2022-04-22 16:28:42'),
	(1560, 37, 259, 30, NULL, 0, 0, 'Y', 'N', 'Y', '2022-04-22 16:28:43'),
	(1561, 37, 259, 29, NULL, 0, 0, 'Y', 'N', 'Y', '2022-04-22 16:29:27'),
	(1562, 37, 259, 30, NULL, 0, 0, 'Y', 'N', 'Y', '2022-04-22 16:29:28'),
	(1563, 37, 235, 1, NULL, 0, 0, 'Y', 'N', 'Y', '2022-04-22 16:29:42'),
	(1564, 37, 235, 1, NULL, 0, 0, 'Y', 'N', 'Y', '2022-04-22 16:29:57'),
	(1565, 37, 235, 1, NULL, 0, 0, 'Y', 'N', 'Y', '2022-04-22 16:31:13'),
	(1566, 37, 235, 3, NULL, 0, 0, 'Y', 'N', 'Y', '2022-04-22 16:32:22'),
	(1567, 37, 235, 1, NULL, 0, 0, 'Y', 'N', 'Y', '2022-04-22 16:33:38'),
	(1568, 37, 235, 3, NULL, 0, 0, 'Y', 'N', 'Y', '2022-04-22 16:33:40'),
	(1569, 37, 235, 1, NULL, 0, 0, 'Y', 'N', 'Y', '2022-04-22 18:02:58'),
	(1570, 37, 241, 11, NULL, 0, 0, 'Y', 'N', 'Y', '2022-04-22 18:29:19'),
	(1571, 37, 241, 11, NULL, 0, 0, 'Y', 'N', 'Y', '2022-04-22 18:29:25'),
	(1572, 37, 241, 11, NULL, 0, 0, 'Y', 'N', 'Y', '2022-04-22 18:29:29'),
	(1573, 37, 241, 11, NULL, 0, 0, 'Y', 'N', 'Y', '2022-04-22 18:29:33'),
	(1574, 37, 241, 11, NULL, 0, 0, 'Y', 'N', 'Y', '2022-04-22 18:30:10'),
	(1575, 37, 241, 11, NULL, 0, 0, 'Y', 'N', 'Y', '2022-04-22 18:30:12'),
	(1576, 37, 241, 11, NULL, 0, 0, 'Y', 'N', 'Y', '2022-04-22 18:30:12'),
	(1577, 37, 241, 11, NULL, 0, 0, 'Y', 'N', 'Y', '2022-04-22 18:30:12'),
	(1578, 37, 241, 11, NULL, 0, 0, 'Y', 'N', 'Y', '2022-04-22 18:30:13'),
	(1579, 38, 241, 0, NULL, 0, 0, 'Y', 'N', 'Y', '2022-04-26 16:31:00'),
	(1606, 28, 235, 1, NULL, 0, 0, 'Y', 'N', 'Y', '2022-04-26 10:46:48'),
	(1607, 32, 235, 3, NULL, 0, 0, 'Y', 'N', 'Y', '2022-04-26 13:42:38'),
	(1608, 32, 235, 3, NULL, 0, 0, 'Y', 'N', 'Y', '2022-04-26 13:43:31'),
	(1609, 32, 235, 1, NULL, 0, 0, 'Y', 'N', 'Y', '2022-04-26 14:20:58'),
	(1610, 32, 235, 3, NULL, 0, 0, 'Y', 'N', 'Y', '2022-04-26 14:21:03'),
	(1611, 32, 235, 1, NULL, 0, 0, 'Y', 'N', 'Y', '2022-04-26 14:37:28'),
	(1612, 32, 235, 3, NULL, 0, 0, 'Y', 'N', 'Y', '2022-04-26 14:44:15'),
	(1613, 28, 260, 31, NULL, 0, 0, 'Y', 'N', 'Y', '2022-04-26 15:30:20'),
	(1614, 28, 243, 13, NULL, 0, 0, 'Y', 'N', 'Y', '2022-04-26 15:35:36'),
	(1615, 38, 241, 0, NULL, 0, 0, 'Y', 'N', 'Y', '2022-04-26 16:31:00'),
	(1625, 1, 260, 31, NULL, 0, 0, 'Y', 'N', 'Y', '2022-04-27 10:29:46'),
	(1626, 1, 262, 62, NULL, 0, 213, 'N', 'N', 'Y', '2022-04-29 10:03:08'),
	(1627, 1, 259, 30, NULL, 0, 213, 'N', 'N', 'Y', '2022-04-29 10:04:34'),
	(1628, 1, 259, 61, NULL, 0, 213, 'N', 'N', 'Y', '2022-04-29 10:04:54'),
	(1629, 1, 263, 63, NULL, 0, 0, 'Y', 'N', 'Y', '2022-04-29 11:05:01'),
	(1630, 1, 264, 64, NULL, 0, 0, 'Y', 'N', 'Y', '2022-04-29 11:24:34'),
	(1631, 28, 264, 64, NULL, 0, 0, 'Y', 'N', 'Y', '2022-04-29 11:55:07'),
	(1632, 1, 265, 65, NULL, 0, 0, 'Y', 'N', 'Y', '2022-04-29 12:01:08'),
	(1633, 1, 265, 66, NULL, 0, 214, 'N', 'N', 'Y', '2022-04-29 13:32:39'),
	(1634, 28, 256, 26, NULL, 0, 0, 'Y', 'N', 'Y', '2022-04-29 17:49:09'),
	(1635, 28, 235, 3, NULL, 0, 212, 'N', 'N', 'Y', '2022-05-02 11:38:32'),
	(1637, 28, 265, 3, NULL, 0, 212, 'N', 'N', 'Y', '2022-05-03 10:10:32'),
	(1638, 1, 259, 29, NULL, 0, 0, 'Y', 'N', 'Y', '2022-05-03 13:13:54'),
	(1639, 43, 238, 8, NULL, 0, 0, 'Y', 'N', 'Y', '2022-05-03 16:03:26'),
	(1640, 1, 255, 25, NULL, 0, 0, 'Y', 'N', 'Y', '2022-05-03 16:48:55'),
	(1641, 1, 244, 14, NULL, 0, 0, 'Y', 'N', 'Y', '2022-05-03 16:52:14'),
	(1642, 1, 261, 60, NULL, 0, 0, 'Y', 'N', 'Y', '2022-05-04 13:49:36'),
	(1643, 46, 261, 60, NULL, 0, 0, 'Y', 'N', 'Y', '2022-05-04 14:03:58'),
	(1644, 32, 238, 8, NULL, 0, 0, 'Y', 'N', 'Y', '2022-05-04 15:14:43'),
	(1647, 28, 261, 60, NULL, 0, 0, 'Y', 'N', 'Y', '2022-05-09 13:49:55'),
	(1648, 50, 265, 65, NULL, 0, 0, 'Y', 'N', 'Y', '2022-05-09 17:35:45'),
	(1649, 50, 265, 66, NULL, 0, 220, 'N', 'N', 'Y', '2022-05-09 17:35:48'),
	(1650, 28, 265, 65, NULL, 0, 0, 'Y', 'N', 'Y', '2022-05-10 13:10:52'),
	(1651, 43, 257, 27, NULL, 0, 0, 'Y', 'N', 'Y', '2022-05-10 17:43:29'),
	(1652, 43, 258, 28, NULL, 0, 0, 'Y', 'N', 'Y', '2022-05-10 17:43:45'),
	(1653, 1, 258, 28, NULL, 0, 0, 'Y', 'N', 'Y', '2022-05-10 17:54:17'),
	(1654, 1, 259, 65, NULL, 0, 0, 'Y', 'N', 'Y', '2022-05-10 18:06:02'),
	(1655, 28, 265, 65, NULL, 0, 0, 'Y', 'N', 'Y', '2022-05-11 09:42:20'),
	(1656, 1, 237, 31, NULL, 0, 0, 'Y', 'N', 'Y', '2022-05-11 11:00:00'),
	(1657, 1, 237, 31, NULL, 0, 0, 'Y', 'N', 'Y', '2022-05-11 11:00:00'),
	(1658, 28, 264, 64, NULL, 0, 0, 'Y', 'N', 'Y', '2022-05-12 10:25:32'),
	(1659, 28, 235, 5, NULL, 0, 212, 'N', 'N', 'Y', '2022-05-12 16:47:47'),
	(1660, 28, 235, 1, NULL, 0, 0, 'Y', 'N', 'Y', '2022-05-12 16:47:47'),
	(1661, 28, 235, 4, NULL, 0, 212, 'N', 'N', 'Y', '2022-05-12 16:47:48'),
	(1662, 28, 235, 3, NULL, 0, 212, 'N', 'N', 'Y', '2022-05-12 16:47:50'),
	(1663, 28, 235, 2, NULL, 0, 212, 'N', 'N', 'Y', '2022-05-12 16:47:51'),
	(1664, 28, 235, 1, NULL, 0, 0, 'Y', 'N', 'Y', '2022-05-13 13:57:19'),
	(1665, 28, 235, 2, NULL, 0, 212, 'N', 'N', 'Y', '2022-05-13 13:57:20'),
	(1666, 28, 235, 3, NULL, 0, 212, 'N', 'N', 'Y', '2022-05-13 13:57:21'),
	(1667, 28, 235, 4, NULL, 0, 212, 'N', 'N', 'Y', '2022-05-13 14:04:45'),
	(1668, 53, 261, 60, NULL, 0, 0, 'Y', 'N', 'Y', '2022-05-17 09:37:54'),
	(1669, 53, 264, 64, NULL, 0, 0, 'Y', 'N', 'Y', '2022-05-17 10:38:05'),
	(1670, 53, 243, 13, NULL, 0, 0, 'Y', 'N', 'Y', '2022-05-17 10:38:11'),
	(1671, 53, 260, 31, NULL, 0, 0, 'Y', 'N', 'Y', '2022-05-17 10:38:20'),
	(1672, 53, 255, 25, NULL, 0, 0, 'Y', 'N', 'Y', '2022-05-17 10:53:33'),
	(1673, 53, 239, 9, NULL, 0, 0, 'Y', 'N', 'Y', '2022-05-17 10:56:29'),
	(1674, 28, 265, 65, NULL, 0, 0, 'Y', 'N', 'Y', '2022-05-17 14:40:41'),
	(1675, 28, 265, 66, NULL, 0, 212, 'N', 'N', 'Y', '2022-05-17 14:40:47'),
	(1676, 28, 255, 25, NULL, 0, 0, 'Y', 'N', 'Y', '2022-05-17 14:41:25'),
	(1677, 28, 264, 64, NULL, 0, 0, 'Y', 'N', 'Y', '2022-05-17 14:42:11'),
	(1678, 28, 235, 2, NULL, 0, 212, 'N', 'N', 'Y', '2022-05-17 14:45:00'),
	(1679, 28, 235, 3, NULL, 0, 212, 'N', 'N', 'Y', '2022-05-17 14:45:21'),
	(1680, 28, 241, 11, NULL, 0, 0, 'Y', 'N', 'Y', '2022-05-17 14:46:10'),
	(1681, 28, 238, 35, NULL, 0, 212, 'N', 'N', 'Y', '2022-05-17 14:46:29'),
	(1682, 28, 238, 38, NULL, 0, 212, 'N', 'N', 'Y', '2022-05-17 14:46:44'),
	(1683, 28, 238, 8, NULL, 0, 0, 'Y', 'N', 'Y', '2022-05-17 15:28:19'),
	(1684, 28, 238, 40, NULL, 0, 212, 'N', 'N', 'Y', '2022-05-17 15:33:21'),
	(1685, 28, 243, 13, NULL, 0, 0, 'Y', 'N', 'Y', '2022-05-17 16:46:06'),
	(1686, 28, 255, 32, NULL, 0, 212, 'N', 'N', 'Y', '2022-05-17 16:46:22'),
	(1687, 28, 235, 4, NULL, 0, 212, 'N', 'N', 'Y', '2022-05-17 16:46:47'),
	(1688, 28, 235, 5, NULL, 0, 212, 'N', 'N', 'Y', '2022-05-17 16:46:53'),
	(1689, 28, 235, 1, NULL, 0, 0, 'Y', 'N', 'Y', '2022-05-17 16:46:54'),
	(1690, 28, 265, 65, NULL, 0, 0, 'Y', 'N', 'Y', '2022-05-18 15:21:55'),
	(1691, 28, 265, 66, NULL, 0, 212, 'N', 'N', 'Y', '2022-05-18 15:21:58'),
	(1692, 28, 243, 13, NULL, 0, 0, 'Y', 'N', 'Y', '2022-05-18 15:35:38'),
	(1693, 28, 239, 9, NULL, 0, 0, 'Y', 'N', 'Y', '2022-05-18 17:03:56'),
	(1694, 1, 268, 71, NULL, 0, 225, 'N', 'N', 'Y', '2022-05-30 10:41:32'),
	(1695, 1, 267, 69, NULL, 0, 225, 'N', 'N', 'Y', '2022-05-30 10:42:31'),
	(1696, 1, 267, 70, NULL, 0, 225, 'N', 'N', 'Y', '2022-05-30 10:44:09'),
	(1697, 1, 266, 67, NULL, 0, 225, 'N', 'N', 'Y', '2022-05-30 10:45:02');

-- 테이블 데이터 storybird.watch_history:~25 rows (대략적) 내보내기
INSERT INTO `watch_history` (`watch_seq`, `opus_no`, `mem_no`, `epi_seq`, `last_watch_date`, `w_cnt`, `show_yn`) VALUES
	(2, 235, 1, 2, '2022-03-21 11:33:32', 1, 'Y'),
	(36, 235, 1, 3, '2022-04-01 11:35:24', 4, 'Y'),
	(37, 235, 1, 4, '2022-04-01 11:35:25', 1, 'Y'),
	(38, 235, 1, 5, '2022-04-01 11:35:26', 1, 'Y'),
	(39, 235, 1, 6, '2022-04-01 11:35:27', 1, 'Y'),
	(40, 235, 1, 7, '2022-04-01 11:35:28', 1, 'Y'),
	(41, 235, 1, 8, '2022-04-01 11:35:29', 1, 'Y'),
	(42, 235, 1, 9, '2022-04-01 11:35:30', 1, 'Y'),
	(43, 235, 1, 1, '2022-05-03 17:09:07', 11, 'Y'),
	(54, 260, 1, 31, '2022-05-11 10:17:51', 19, 'Y'),
	(56, 255, 1, 25, '2022-05-03 16:48:55', 4, 'Y'),
	(57, 256, 1, 26, '2022-04-13 10:47:46', 1, 'Y'),
	(65, 241, 1, 11, '2022-04-20 09:51:32', 7, 'Y'),
	(66, 243, 1, 13, '2022-05-03 14:14:24', 1, 'Y'),
	(74, 262, 1, 62, '2022-04-29 10:04:10', 4, 'Y'),
	(75, 259, 1, 30, '2022-04-29 10:05:11', 2, 'Y'),
	(76, 263, 1, 63, '2022-04-29 11:05:01', 0, 'Y'),
	(77, 264, 1, 64, '2022-05-03 13:11:32', 6, 'Y'),
	(79, 265, 1, 65, '2022-05-10 18:06:02', 2, 'Y'),
	(82, 244, 1, 14, '2022-05-03 16:52:23', 10, 'Y'),
	(83, 261, 1, 60, '2022-05-04 13:49:36', 0, 'Y'),
	(86, 258, 1, 28, '2022-05-10 17:54:17', 5, 'Y'),
	(98, 268, 1, 71, '2022-05-30 10:41:32', 1, 'Y'),
	(99, 267, 1, 69, '2022-05-30 10:42:31', 1, 'Y'),
	(100, 266, 1, 67, '2022-05-30 10:45:02', 1, 'Y');

/*!40103 SET TIME_ZONE=IFNULL(@OLD_TIME_ZONE, 'system') */;
/*!40101 SET SQL_MODE=IFNULL(@OLD_SQL_MODE, '') */;
/*!40014 SET FOREIGN_KEY_CHECKS=IFNULL(@OLD_FOREIGN_KEY_CHECKS, 1) */;
/*!40101 SET CHARACTER_SET_CLIENT=@OLD_CHARACTER_SET_CLIENT */;
/*!40111 SET SQL_NOTES=IFNULL(@OLD_SQL_NOTES, 1) */;
